{
  "best_iteration": 1,
  "best_robust_iteration": 1,
  "best_robust_score": -77.37684475621987,
  "best_vs_heuristic_bb_per_100": -315.60064599514004,
  "best_vs_heuristic_pool_bb_per_100": -992.6439258053898,
  "best_vs_population_bb_per_100": null,
  "best_vs_random_bb_per_100": 400.2940412722528,
  "best_vs_snapshot_bb_per_100": null,
  "checkpoints": [
    {
      "iteration": 1,
      "metrics": {
        "avg_abs_regret": 81.08135369319335,
        "avg_branching_factor": 3.712184843630486,
        "avg_policy_entropy": 0.3990160738855269,
        "br_ev_bb_per_hand": 87.06776294088364,
        "br_gap_proxy": 97.12285345125198,
        "br_gap_proxy_bb_per_100": 9712.285345125198,
        "effective_reach_weight_clip": 1.0,
        "equity_avg_ms": 7.1675505617811295,
        "equity_cache_hit_rate": 0.9468539052235763,
        "equity_cache_size": 100000,
        "evaluation_wall_time_seconds": 355.30924726300054,
        "exploitability_proxy": 9.291146969448144,
        "feature_cache_hit_rate": 0.1182254415797578,
        "feature_cache_size": 180000,
        "feature_dict_cache_hit_rate": 0.06144053137756867,
        "feature_dict_cache_size": 180000,
        "feature_vector_cache_hit_rate": 0.1182254415797578,
        "iteration_wall_time_seconds": 2796.1391246870003,
        "lut_fallback_calls": 0,
        "lut_fallback_flop": 0,
        "lut_fallback_preflop": 0,
        "lut_fallback_river": 0,
        "lut_fallback_turn": 0,
        "lut_hit_rate": 0.9879401612798879,
        "lut_hit_rate_flop": 0.9989215912830963,
        "lut_hit_rate_preflop": 1.0,
        "lut_hit_rate_river": 0.8807419977763473,
        "lut_hit_rate_turn": 0.9898474519910216,
        "lut_hits": 259604,
        "lut_misses": 3169,
        "policy_ev_bb_per_hand": -10.055090510368347,
        "policy_loss": 0.2589434529380763,
        "reach_cf_weight_mean": 0.2947991087879418,
        "reach_policy_weight_mean": 0.8064643104029752,
        "reach_weight_clip_optimal": 1.0,
        "reach_weight_raw_p50": 0.5633581360484115,
        "reach_weight_raw_p95": 1.0,
        "reach_weight_raw_p99": 1.0,
        "regret_loss": 79.93561145237514,
        "robust_score": -77.37684475621987,
        "self_play_mean_abs_seat_ev": 1.183005344168345,
        "self_play_seat_ev_std": 1.7180918160328844,
        "self_play_showdown_rate": 0.981,
        "self_play_utility_sum_error": 6.255960464477539e-06,
        "self_play_wall_time_seconds": 2432.1927306990005,
        "traversal_nodes": 69291,
        "vs_heuristic_bb_per_100": -315.60064599514004,
        "vs_heuristic_bb_per_100_stderr": 162.11714583832614,
        "vs_heuristic_ev": -3.1560064599514006,
        "vs_heuristic_pool_bb_per_100": -992.6439258053898,
        "vs_heuristic_pool_bb_per_100_stderr": 159.37549446408084,
        "vs_heuristic_pool_ev": -9.926439258053898,
        "vs_heuristic_pool_showdown_rate": 0.6795,
        "vs_heuristic_showdown_rate": 0.671,
        "vs_heuristic_tie_rate": 0.018,
        "vs_heuristic_win_share": 0.579,
        "vs_random_bb_per_100": 400.2940412722528,
        "vs_random_bb_per_100_stderr": 341.2657312990986,
        "vs_random_ev": 4.002940412722528,
        "vs_random_showdown_rate": 0.9675,
        "vs_random_tie_rate": 0.036,
        "vs_random_win_share": 0.28154166666666663
      },
      "path": "artifacts/checkpoints/poker_cfr_ai_fast_low_noise/run_20260427_060237_seed7/iter_0001.pt",
      "policy_path": "artifacts/checkpoints/poker_cfr_ai_fast_low_noise/run_20260427_060237_seed7/policy_iter_0001.pt",
      "saved_at": "2026-04-27T06:49:31Z"
    }
  ],
  "created_at": "2026-04-27T06:02:37Z",
  "experiment": "poker_cfr_ai_fast_low_noise",
  "latest_iteration": 1,
  "mlflow_run_id": "8d56e3c1c82f4a4baf8a089b18a641ec",
  "run_name": "run_20260427_060237_seed7",
  "seed": 7,
  "updated_at": "2026-04-27T06:49:31Z"
}